model,scene,genome_mode,n_opt,baseline_fail,fail_rate,asr_bbox,asr_bbox_empty,asr_bbox_empty_malformed,asr_bbox_value,asr_bbox_empty_value,asr_bbox_empty_malformed_value,ssim,ned,swtd
deepseek,Driving,multi,3,0.946 (53/56),0.9464285714285714,1.000 (3/3),1.000 (3/3),1.000 (3/3),1.0,1.0,1.0,$0.948 \pm 0.050$,$0.000 \pm 0.000$,$0.974 \pm 0.025$
deepseek,Driving,image,4,0.929 (52/56),0.9285714285714286,1.000 (4/4),1.000 (4/4),1.000 (4/4),1.0,1.0,1.0,$0.933 \pm 0.051$,---,$0.933 \pm 0.051$
deepseek,Driving,text,4,0.929 (52/56),0.9285714285714286,0.250 (1/4),0.250 (1/4),1.000 (4/4),0.25,0.25,1.0,---,$0.170 \pm 0.097$,$0.895 \pm 0.000$
gemma,Driving,multi,3,0.946 (53/56),0.9464285714285714,1.000 (3/3),1.000 (3/3),1.000 (3/3),1.0,1.0,1.0,$0.916 \pm 0.055$,$0.000 \pm 0.000$,$0.895 \pm 0.051$
gemma,Driving,image,3,0.946 (53/56),0.9464285714285714,1.000 (3/3),1.000 (3/3),1.000 (3/3),1.0,1.0,1.0,$0.920 \pm 0.050$,---,$0.843 \pm 0.087$
gemma,Driving,text,3,0.946 (53/56),0.9464285714285714,1.000 (3/3),1.000 (3/3),1.000 (3/3),1.0,1.0,1.0,---,$0.173 \pm 0.151$,$0.435 \pm 0.240$
intern,MC,multi,52,0.480 (48/100),0.48,0.731 (38/52),0.731 (38/52),0.846 (44/52),0.7307692307692307,0.7307692307692307,0.8461538461538461,$0.894 \pm 0.059$,$0.052 \pm 0.109$,$0.708 \pm 0.147$
intern,MC,image,52,0.480 (48/100),0.48,0.654 (34/52),0.654 (34/52),0.769 (40/52),0.6538461538461539,0.6538461538461539,0.7692307692307693,$0.915 \pm 0.052$,---,$0.666 \pm 0.157$
intern,MC,text,52,0.480 (48/100),0.48,0.712 (37/52),0.712 (37/52),0.808 (42/52),0.7115384615384616,0.7115384615384616,0.8076923076923077,---,$0.251 \pm 0.145$,$0.552 \pm 0.144$
intern,SC-MI,multi,42,0.580 (58/100),0.58,0.905 (38/42),0.905 (38/42),0.952 (40/42),0.9047619047619048,0.9047619047619048,0.9523809523809523,$0.904 \pm 0.059$,$0.084 \pm 0.141$,$0.787 \pm 0.132$
intern,SC-MI,image,42,0.580 (58/100),0.58,0.833 (35/42),0.833 (35/42),0.857 (36/42),0.8333333333333334,0.8333333333333334,0.8571428571428571,$0.906 \pm 0.050$,---,$0.762 \pm 0.143$
intern,SC-MI,text,42,0.580 (58/100),0.58,0.929 (39/42),0.929 (39/42),0.929 (39/42),0.9285714285714286,0.9285714285714286,0.9285714285714286,---,$0.324 \pm 0.119$,$0.584 \pm 0.118$
intern,SC-SI,multi,32,0.680 (68/100),0.68,0.969 (31/32),0.969 (31/32),0.969 (31/32),0.96875,0.96875,0.96875,$0.907 \pm 0.065$,$0.138 \pm 0.163$,$0.753 \pm 0.123$
intern,SC-SI,image,32,0.680 (68/100),0.68,0.781 (25/32),0.781 (25/32),0.781 (25/32),0.78125,0.78125,0.78125,$0.901 \pm 0.060$,---,$0.724 \pm 0.166$
intern,SC-SI,text,32,0.680 (68/100),0.68,0.875 (28/32),0.875 (28/32),0.906 (29/32),0.875,0.875,0.90625,---,$0.249 \pm 0.137$,$0.642 \pm 0.185$
intern,Driving,multi,6,0.893 (50/56),0.8928571428571429,0.667 (4/6),0.667 (4/6),0.833 (5/6),0.6666666666666666,0.6666666666666666,0.8333333333333334,$0.928 \pm 0.045$,$0.056 \pm 0.137$,$0.683 \pm 0.211$
intern,Driving,image,6,0.893 (50/56),0.8928571428571429,0.833 (5/6),0.833 (5/6),1.000 (6/6),0.8333333333333334,0.8333333333333334,1.0,$0.946 \pm 0.033$,---,$0.728 \pm 0.184$
intern,Driving,text,6,0.893 (50/56),0.8928571428571429,1.000 (6/6),1.000 (6/6),1.000 (6/6),1.0,1.0,1.0,---,$0.225 \pm 0.163$,$0.750 \pm 0.144$
kimi,MC,multi,25,0.750 (75/100),0.75,0.160 (4/25),0.160 (4/25),0.920 (23/25),0.16,0.16,0.92,$0.903 \pm 0.072$,$0.027 \pm 0.082$,$0.695 \pm 0.169$
kimi,MC,image,25,0.750 (75/100),0.75,0.000 (0/25),0.000 (0/25),0.800 (20/25),0.0,0.0,0.8,$0.943 \pm 0.054$,---,$0.397 \pm 0.148$
kimi,MC,text,25,0.750 (75/100),0.75,0.080 (2/25),0.080 (2/25),0.960 (24/25),0.08,0.08,0.96,---,$0.200 \pm 0.162$,$0.644 \pm 0.205$
kimi,SC-MI,multi,13,0.870 (87/100),0.87,0.154 (2/13),0.154 (2/13),0.692 (9/13),0.15384615384615385,0.15384615384615385,0.6923076923076923,$0.940 \pm 0.044$,$0.026 \pm 0.094$,$0.555 \pm 0.219$
kimi,SC-MI,image,13,0.870 (87/100),0.87,0.154 (2/13),0.154 (2/13),0.769 (10/13),0.15384615384615385,0.15384615384615385,0.7692307692307693,$0.959 \pm 0.030$,---,$0.542 \pm 0.129$
kimi,SC-MI,text,13,0.870 (87/100),0.87,0.000 (0/13),0.000 (0/13),0.923 (12/13),0.0,0.0,0.9230769230769231,---,$0.202 \pm 0.163$,$0.224 \pm 0.000$
kimi,SC-SI,multi,52,0.480 (48/100),0.48,0.058 (3/52),0.077 (4/52),0.923 (48/52),0.057692307692307696,0.07692307692307693,0.9230769230769231,$0.961 \pm 0.045$,$0.009 \pm 0.043$,$0.715 \pm 0.212$
kimi,SC-SI,image,52,0.480 (48/100),0.48,0.077 (4/52),0.115 (6/52),0.846 (44/52),0.07692307692307693,0.11538461538461539,0.8461538461538461,$0.963 \pm 0.039$,---,$0.604 \pm 0.272$
kimi,SC-SI,text,52,0.480 (48/100),0.48,0.096 (5/52),0.154 (8/52),0.923 (48/52),0.09615384615384616,0.15384615384615385,0.9230769230769231,---,$0.118 \pm 0.126$,$0.666 \pm 0.228$
kimi,Driving,multi,20,0.643 (36/56),0.6428571428571429,0.100 (2/20),0.100 (2/20),1.000 (20/20),0.1,0.1,1.0,$0.951 \pm 0.038$,$0.033 \pm 0.103$,$0.924 \pm 0.014$
kimi,Driving,image,20,0.643 (36/56),0.6428571428571429,0.050 (1/20),0.050 (1/20),1.000 (20/20),0.05,0.05,1.0,$0.947 \pm 0.031$,---,$0.918 \pm 0.000$
kimi,Driving,text,20,0.643 (36/56),0.6428571428571429,0.000 (0/20),0.000 (0/20),1.000 (20/20),0.0,0.0,1.0,---,$0.177 \pm 0.172$,---
nemotron,MC,multi,41,0.590 (59/100),0.59,0.317 (13/41),0.415 (17/41),0.439 (18/41),0.3170731707317073,0.4146341463414634,0.43902439024390244,$0.908 \pm 0.052$,$0.011 \pm 0.012$,$0.636 \pm 0.195$
nemotron,MC,image,41,0.590 (59/100),0.59,0.293 (12/41),0.293 (12/41),0.317 (13/41),0.2926829268292683,0.2926829268292683,0.3170731707317073,$0.880 \pm 0.065$,---,$0.466 \pm 0.178$
nemotron,MC,text,41,0.590 (59/100),0.59,0.220 (9/41),0.439 (18/41),0.488 (20/41),0.21951219512195122,0.43902439024390244,0.4878048780487805,---,$0.083 \pm 0.117$,$0.654 \pm 0.223$
nemotron,SC-MI,multi,12,0.880 (88/100),0.88,0.417 (5/12),0.917 (11/12),0.917 (11/12),0.4166666666666667,0.9166666666666666,0.9166666666666666,$0.912 \pm 0.064$,$0.013 \pm 0.028$,$0.831 \pm 0.263$
nemotron,SC-MI,image,12,0.880 (88/100),0.88,0.250 (3/12),0.500 (6/12),0.500 (6/12),0.25,0.5,0.5,$0.893 \pm 0.050$,---,$0.570 \pm 0.283$
nemotron,SC-MI,text,12,0.880 (88/100),0.88,0.333 (4/12),0.917 (11/12),0.917 (11/12),0.3333333333333333,0.9166666666666666,0.9166666666666666,---,$0.260 \pm 0.130$,$0.652 \pm 0.231$
nemotron,SC-SI,multi,96,0.040 (4/100),0.04,0.104 (10/96),0.844 (81/96),0.844 (81/96),0.10416666666666667,0.84375,0.84375,$0.918 \pm 0.058$,$0.082 \pm 0.138$,$0.845 \pm 0.185$
nemotron,SC-SI,image,96,0.040 (4/100),0.04,0.135 (13/96),0.198 (19/96),0.208 (20/96),0.13541666666666666,0.19791666666666666,0.20833333333333334,$0.871 \pm 0.052$,---,$0.469 \pm 0.206$
nemotron,SC-SI,text,96,0.040 (4/100),0.04,0.062 (6/96),0.958 (92/96),1.000 (96/96),0.0625,0.9583333333333334,1.0,---,$0.318 \pm 0.089$,$0.678 \pm 0.085$
nemotron,Driving,multi,15,0.732 (41/56),0.7321428571428571,0.600 (9/15),1.000 (15/15),1.000 (15/15),0.6,1.0,1.0,$0.943 \pm 0.038$,$0.155 \pm 0.172$,$0.795 \pm 0.163$
nemotron,Driving,image,15,0.732 (41/56),0.7321428571428571,0.600 (9/15),0.667 (10/15),0.667 (10/15),0.6,0.6666666666666666,0.6666666666666666,$0.927 \pm 0.040$,---,$0.575 \pm 0.271$
nemotron,Driving,text,15,0.732 (41/56),0.7321428571428571,0.200 (3/15),0.933 (14/15),0.933 (14/15),0.2,0.9333333333333333,0.9333333333333333,---,$0.221 \pm 0.204$,$0.675 \pm 0.272$
qwen,MC,multi,80,0.200 (20/100),0.2,0.163 (13/80),0.237 (19/80),0.487 (39/80),0.1625,0.2375,0.4875,$0.937 \pm 0.053$,$0.211 \pm 0.169$,$0.542 \pm 0.174$
qwen,MC,image,80,0.200 (20/100),0.2,0.025 (2/80),0.037 (3/80),0.225 (18/80),0.025,0.0375,0.225,$0.925 \pm 0.055$,---,$0.262 \pm 0.161$
qwen,MC,text,80,0.200 (20/100),0.2,0.113 (9/80),0.175 (14/80),0.388 (31/80),0.1125,0.175,0.3875,---,$0.277 \pm 0.126$,$0.413 \pm 0.164$
qwen,SC-MI,multi,94,0.060 (6/100),0.06,0.585 (55/94),0.745 (70/94),0.926 (87/94),0.5851063829787234,0.7446808510638298,0.925531914893617,$0.942 \pm 0.058$,$0.205 \pm 0.176$,$0.792 \pm 0.165$
qwen,SC-MI,image,94,0.060 (6/100),0.06,0.085 (8/94),0.096 (9/94),0.255 (24/94),0.0851063829787234,0.09574468085106383,0.2553191489361702,$0.920 \pm 0.048$,---,$0.360 \pm 0.237$
qwen,SC-MI,text,94,0.060 (6/100),0.06,0.553 (52/94),0.819 (77/94),0.883 (83/94),0.5531914893617021,0.8191489361702128,0.8829787234042553,---,$0.330 \pm 0.105$,$0.595 \pm 0.201$
qwen,SC-SI,multi,95,0.050 (5/100),0.05,0.526 (50/95),0.895 (85/95),0.926 (88/95),0.5263157894736842,0.8947368421052632,0.9263157894736842,$0.958 \pm 0.050$,$0.224 \pm 0.168$,$0.813 \pm 0.159$
qwen,SC-SI,image,95,0.050 (5/100),0.05,0.042 (4/95),0.053 (5/95),0.063 (6/95),0.042105263157894736,0.05263157894736842,0.06315789473684211,$0.906 \pm 0.054$,---,$0.264 \pm 0.179$
qwen,SC-SI,text,95,0.050 (5/100),0.05,0.432 (41/95),0.937 (89/95),0.937 (89/95),0.43157894736842106,0.9368421052631579,0.9368421052631579,---,$0.352 \pm 0.100$,$0.602 \pm 0.146$
qwen,Driving,multi,10,0.821 (46/56),0.8214285714285714,0.600 (6/10),0.900 (9/10),1.000 (10/10),0.6,0.9,1.0,$0.957 \pm 0.038$,$0.002 \pm 0.001$,$0.884 \pm 0.191$
qwen,Driving,image,10,0.821 (46/56),0.8214285714285714,0.300 (3/10),0.300 (3/10),0.300 (3/10),0.3,0.3,0.3,$0.954 \pm 0.035$,---,$0.406 \pm 0.300$
qwen,Driving,text,10,0.821 (46/56),0.8214285714285714,0.700 (7/10),1.000 (10/10),1.000 (10/10),0.7,1.0,1.0,---,$0.085 \pm 0.141$,$0.848 \pm 0.258$
